<eagle version="6.1"><drawing><settings><setting alwaysvectorfont="no" verticaltext="up"/></settings><grid distance="0.1" unitdist="inch" unit="inch" style="lines" multiple="1" display="no" altdistance="0.01" altunitdist="inch" altunit="inch"/><layers><layer number="91" name="Nets" color="2" fill="1" visible="yes" active="yes"/><layer number="92" name="Busses" color="1" fill="1" visible="yes" active="yes"/><layer number="93" name="Pins" color="2" fill="1" visible="no" active="yes"/><layer number="94" name="Symbols" color="4" fill="1" visible="yes" active="yes"/><layer number="95" name="Names" color="7" fill="1" visible="yes" active="yes"/><layer number="96" name="Values" color="7" fill="1" visible="yes" active="yes"/><layer number="97" name="Info" color="7" fill="1" visible="yes" active="yes"/><layer number="98" name="Guide" color="6" fill="1" visible="yes" active="yes"/></layers><schematic><libraries><library name="AcceleratedDesigns_Lib"><packages><package name="0805"><pad name="1" drill="0" y="0" x="-0.9017"/><pad name="2" drill="0" y="0" x="0.9017"/></package><package name="MF05A"><pad name="1" drill="0" y="0.9525" x="-1.2192"/><pad name="2" drill="0" y="0" x="-1.2192"/><pad name="3" drill="0" y="-0.9525" x="-1.2192"/><pad name="4" drill="0" y="-0.9525" x="1.2192"/><pad name="5" drill="0" y="0.9525" x="1.2192"/></package><package name="M-FLAT"><pad name="1" drill="0" y="0" x="-2.1844"/><pad name="2" drill="0" y="0" x="2.1844"/></package><package name="SLF7045"><pad name="1" drill="0" y="0" x="-3.2004"/><pad name="2" drill="0" y="0" x="3.2004"/></package><package name="WB_GND"><pad name="1" drill="0" y="0" x="0"/></package><package name="WB_BATTERY"><pad name="1" drill="0" y="0" x="0"/><pad name="2" drill="0" y="0" x="0"/></package><package name="WB_CURRENT_LOAD"><pad name="1" drill="0" y="0" x="0"/><pad name="2" drill="0" y="0" x="0"/></package></packages><symbols><symbol name="CL21C182JBF1PNE@1"><pin name="1@1" x="7.62" y="0" rot="MR0" direction="pas" length="short" visible="off" swaplevel="0"/><pin name="2@2" x="-7.62" y="0" rot="MR180" direction="pas" length="short" visible="off" swaplevel="0"/><wire x1="7.62" y1="0" x2="5.08" y2="0" width="0.1524" layer="94"/><wire x1="-7.62" y1="0" x2="-5.08" y2="0" width="0.1524" layer="94"/><wire x1="0.762" y1="-3.048" x2="0.762" y2="3.048" width="0.1524" layer="94"/><wire x1="-5.08" y1="0" x2="-0.762" y2="0" width="0.1524" layer="94"/><wire x1="0.762" y1="0" x2="5.08" y2="0" width="0.1524" layer="94"/><wire x1="-0.762" y1="-3.048" x2="-0.762" y2="3.048" width="0.1524" layer="94"/><text size="2" x="0" y="7.62" layer="95" align="center">&gt;NAME</text><text size="2" x="0" y="5.08" layer="96" align="center">&gt;VALUE</text></symbol><symbol name="GRM21BD70J226ME44L@1"><pin name="1@1" x="7.62" y="0" rot="MR0" direction="pas" length="short" visible="off" swaplevel="0"/><pin name="2@2" x="-7.62" y="0" rot="MR180" direction="pas" length="short" visible="off" swaplevel="0"/><wire x1="7.62" y1="0" x2="5.08" y2="0" width="0.1524" layer="94"/><wire x1="-7.62" y1="0" x2="-5.08" y2="0" width="0.1524" layer="94"/><wire x1="0.762" y1="-3.048" x2="0.762" y2="3.048" width="0.1524" layer="94"/><wire x1="-5.08" y1="0" x2="-0.762" y2="0" width="0.1524" layer="94"/><wire x1="0.762" y1="0" x2="5.08" y2="0" width="0.1524" layer="94"/><wire x1="-0.762" y1="-3.048" x2="-0.762" y2="3.048" width="0.1524" layer="94"/><text size="2" x="0" y="7.62" layer="95" align="center">&gt;NAME</text><text size="2" x="0" y="5.08" layer="96" align="center">&gt;VALUE</text></symbol><symbol name="WB_GND@1"><pin name="1@1" x="0" y="2.54" rot="MR270" direction="pas" length="short" visible="off" swaplevel="0"/><wire x1="0" y1="2.54" x2="0" y2="0" width="0.1524" layer="94"/><wire x1="-3.302" y1="0" x2="3.302" y2="0" width="0.1524" layer="94"/><wire x1="-2.286" y1="-1.016" x2="2.286" y2="-1.016" width="0.1524" layer="94"/><wire x1="-0.762" y1="-2.032" x2="0.762" y2="-2.032" width="0.1524" layer="94"/></symbol><symbol name="SLF7045T-3R3M2R5-PF@1"><pin name="2@2" x="7.62" y="0" rot="MR0" direction="pas" length="short" visible="off" swaplevel="0"/><pin name="1@1" x="-7.62" y="0" rot="MR180" direction="pas" length="short" visible="off" swaplevel="0"/><wire cap="round" x1="2.70086965376353" y1="0.835686125023295" x2="2.5488127292636" y2="-6.24799789495703E-04" layer="94" curve="12.47546" width="0.1524"/><wire cap="round" x1="3.80990829544782" y1="1.85597139451402" x2="2.69064524918793" y2="0.838459388755286" layer="94" curve="78.62357" width="0.1524"/><wire cap="round" x1="4.90450120907934" y1="0.838494459997258" x2="3.81012877640754" y2="1.85651641360845" layer="94" curve="79.52696" width="0.1524"/><wire cap="round" x1="5.08194212297714" y1="7.65933497371015E-02" x2="4.90412159312222" y2="0.838683789637753" layer="94" curve="2.683002" width="0.1524"/><wire x1="5.08" y1="7.32740090825246E-14" x2="7.62" y2="8.71708039085205E-14" width="0.1524" layer="94"/><wire cap="round" x1="0.160869647012591" y1="0.835686120495971" x2="8.81272251266166E-03" y2="-6.24804316819646E-04" layer="94" curve="12.47546" width="0.1524"/><wire cap="round" x1="1.26990852880952" y1="1.85597126998469" x2="0.150645552335143" y2="0.838459735984588" layer="94" curve="78.62355" width="0.1524"/><wire cap="round" x1="2.36450120579728" y1="0.838494428025542" x2="1.27012877312548" y2="1.85651638163673" layer="94" curve="79.52696" width="0.1524"/><wire cap="round" x1="2.53556331240561" y1="-0.177885354456139" x2="2.35799865867502" y2="0.83677165558159" layer="94" curve="17.67289" width="0.1524"/><wire cap="round" x1="-2.37913022471952" y1="0.835686100537919" x2="-2.53118714921945" y2="-6.24824274872177E-04" layer="94" curve="12.47546" width="0.1524"/><wire cap="round" x1="-1.27009153439261" y1="1.85597127646014" x2="-2.38935453412885" y2="0.838459585207164" layer="94" curve="78.62356" width="0.1524"/><wire cap="round" x1="-0.17549876466415" y1="0.838494473537584" x2="-1.26987119733595" y2="1.85651642714878" layer="94" curve="79.52696" width="0.1524"/><wire cap="round" x1="-4.43666361586858E-03" y1="-0.177885358125391" x2="-0.182001317346461" y2="0.836771651912338" layer="94" curve="17.67289" width="0.1524"/><wire x1="-7.62" y1="1.31748834064638E-14" x2="-5.08" y2="1.3716316971113E-14" width="0.1524" layer="94"/><wire cap="round" x1="-4.91913036648931" y1="0.835686111441321" x2="-5.07118729098924" y2="-6.24813371470058E-04" layer="94" curve="12.47546" width="0.1524"/><wire cap="round" x1="-3.81009141933233" y1="1.85597124231149" x2="-4.9293543958067" y2="0.838459708311387" layer="94" curve="78.62355" width="0.1524"/><wire cap="round" x1="-2.71549867276639" y1="0.838494472482158" x2="-3.80987126078252" y2="1.85651643468738" layer="94" curve="79.52697" width="0.1524"/><wire cap="round" x1="-2.54443665882017" y1="-0.177885354014588" x2="-2.72200131255076" y2="0.836771656023141" layer="94" curve="17.67289" width="0.1524"/><wire cap="round" x1="-2.54499763137906" y1="2.51755460236626E-03" x2="-2.54499765572502" y2="-0.180317541662839" layer="94" curve="53.47319" width="0.1524"/><wire cap="round" x1="-4.99761237348031E-03" y1="2.51757271580121E-03" x2="-4.9976367194459E-03" y2="-0.180317523549404" layer="94" curve="53.47319" width="0.1524"/><wire cap="round" x1="2.53500243197289" y1="2.51757460827418E-03" x2="2.53500238936746" y2="-0.180317485409697" layer="94" curve="53.47318" width="0.1524"/><text size="2" x="0" y="5.715" layer="95" align="center">&gt;NAME</text><text size="2" x="0" y="3.175" layer="96" align="center">&gt;VALUE</text></symbol><symbol name="LM2735XMF/NOPB@1"><pin name="VIN@1" x="-15.24" y="15.24" rot="MR270" direction="pas" length="short" visible="both" swaplevel="0"/><pin name="EN@2" x="-25.4" y="0" rot="MR180" direction="pas" length="short" visible="both" swaplevel="0"/><pin name="SW@3" x="15.24" y="15.24" rot="MR270" direction="pas" length="short" visible="both" swaplevel="0"/><pin name="FB@4" x="25.4" y="0" rot="MR0" direction="pas" length="short" visible="both" swaplevel="0"/><pin name="GND@5" x="0" y="-15.24" rot="MR90" direction="pas" length="short" visible="both" swaplevel="0"/><wire x1="-22.86" y1="12.7" x2="22.86" y2="12.7" width="0.1524" layer="94"/><wire x1="22.86" y1="12.7" x2="22.86" y2="-12.7" width="0.1524" layer="94"/><wire x1="22.86" y1="-12.7" x2="-22.86" y2="-12.7" width="0.1524" layer="94"/><wire x1="-22.86" y1="-12.7" x2="-22.86" y2="12.7" width="0.1524" layer="94"/><wire x1="-15.24" y1="15.24" x2="-15.24" y2="12.7" width="0.1524" layer="94"/><wire x1="-25.4" y1="0" x2="-22.86" y2="0" width="0.1524" layer="94"/><wire x1="15.24" y1="15.24" x2="15.24" y2="12.7" width="0.1524" layer="94"/><wire x1="25.4" y1="0" x2="22.86" y2="0" width="0.1524" layer="94"/><wire x1="0" y1="-15.24" x2="0" y2="-12.7" width="0.1524" layer="94"/><text size="2" x="0" y="3.81" layer="95" align="center">&gt;NAME</text><text size="2" x="0" y="-3.81" layer="96" align="center">&gt;VALUE</text></symbol><symbol name="C0805C106K8PACTU@1"><pin name="1@1" x="7.62" y="0" rot="MR0" direction="pas" length="short" visible="off" swaplevel="0"/><pin name="2@2" x="-7.62" y="0" rot="MR180" direction="pas" length="short" visible="off" swaplevel="0"/><wire x1="7.62" y1="0" x2="5.08" y2="0" width="0.1524" layer="94"/><wire x1="-7.62" y1="0" x2="-5.08" y2="0" width="0.1524" layer="94"/><wire x1="0.762" y1="-3.048" x2="0.762" y2="3.048" width="0.1524" layer="94"/><wire x1="-5.08" y1="0" x2="-0.762" y2="0" width="0.1524" layer="94"/><wire x1="0.762" y1="0" x2="5.08" y2="0" width="0.1524" layer="94"/><wire x1="-0.762" y1="-3.048" x2="-0.762" y2="3.048" width="0.1524" layer="94"/><text size="2" x="0" y="7.62" layer="95" align="center">&gt;NAME</text><text size="2" x="0" y="5.08" layer="96" align="center">&gt;VALUE</text></symbol><symbol name="CMS06@1"><pin name="A@1" x="7.62" y="0" rot="MR0" direction="pas" length="short" visible="off" swaplevel="0"/><pin name="K@2" x="-7.62" y="0" rot="MR180" direction="pas" length="short" visible="off" swaplevel="0"/><wire x1="-7.62" y1="0" x2="7.62" y2="0" width="0.1524" layer="94"/><polygon width="0.1524" layer="94"><vertex x="2.032" y="2.54"/><vertex x="-2.032" y="0"/><vertex x="2.032" y="-2.54"/></polygon><wire x1="-2.794" y1="2.032" x2="-2.794" y2="2.54" width="0.1524" layer="94"/><wire x1="-2.794" y1="2.54" x2="-2.032" y2="2.54" width="0.1524" layer="94"/><wire x1="-2.032" y1="2.54" x2="-2.032" y2="-2.54" width="0.1524" layer="94"/><wire x1="-2.032" y1="-2.54" x2="-1.27" y2="-2.54" width="0.1524" layer="94"/><wire x1="-1.27" y1="-2.54" x2="-1.27" y2="-2.032" width="0.1524" layer="94"/><text size="2" x="0" y="10.16" layer="95" align="center">&gt;NAME</text><text size="2" x="0" y="7.62" layer="96" align="center">&gt;VALUE</text></symbol><symbol name="CRCW080510K0FKEA@1"><pin name="1@1" x="7.62" y="0" rot="MR0" direction="pas" length="short" visible="off" swaplevel="0"/><pin name="2@2" x="-7.62" y="0" rot="MR180" direction="pas" length="short" visible="off" swaplevel="0"/><wire x1="7.62" y1="0" x2="5.08" y2="0" width="0.1524" layer="94"/><wire x1="5.08" y1="0" x2="3.81" y2="1.524" width="0.1524" layer="94"/><wire x1="3.81" y1="1.524" x2="1.905" y2="-1.524" width="0.1524" layer="94"/><wire x1="1.905" y1="-1.524" x2="0" y2="1.524" width="0.1524" layer="94"/><wire x1="0" y1="1.524" x2="-1.905" y2="-1.524" width="0.1524" layer="94"/><wire x1="-1.905" y1="-1.524" x2="-3.81" y2="1.524" width="0.1524" layer="94"/><wire x1="-3.81" y1="1.524" x2="-5.08" y2="0" width="0.1524" layer="94"/><wire x1="-5.08" y1="0" x2="-7.62" y2="0" width="0.1524" layer="94"/><text size="2" x="0" y="5.715" layer="95" align="center">&gt;NAME</text><text size="2" x="0" y="3.175" layer="96" align="center">&gt;VALUE</text></symbol><symbol name="RR1220P-303-D@1"><pin name="1@1" x="7.62" y="0" rot="MR0" direction="pas" length="short" visible="off" swaplevel="0"/><pin name="2@2" x="-7.62" y="0" rot="MR180" direction="pas" length="short" visible="off" swaplevel="0"/><wire x1="7.62" y1="0" x2="5.08" y2="0" width="0.1524" layer="94"/><wire x1="5.08" y1="0" x2="3.81" y2="1.524" width="0.1524" layer="94"/><wire x1="3.81" y1="1.524" x2="1.905" y2="-1.524" width="0.1524" layer="94"/><wire x1="1.905" y1="-1.524" x2="0" y2="1.524" width="0.1524" layer="94"/><wire x1="0" y1="1.524" x2="-1.905" y2="-1.524" width="0.1524" layer="94"/><wire x1="-1.905" y1="-1.524" x2="-3.81" y2="1.524" width="0.1524" layer="94"/><wire x1="-3.81" y1="1.524" x2="-5.08" y2="0" width="0.1524" layer="94"/><wire x1="-5.08" y1="0" x2="-7.62" y2="0" width="0.1524" layer="94"/><text size="2" x="0" y="5.715" layer="95" align="center">&gt;NAME</text><text size="2" x="0" y="3.175" layer="96" align="center">&gt;VALUE</text></symbol><symbol name="WB_BATTERY@1"><pin name="+@1" x="-7.62" y="0" rot="MR180" direction="pas" length="short" visible="off" swaplevel="0"/><pin name="-@2" x="7.62" y="0" rot="MR0" direction="pas" length="short" visible="off" swaplevel="0"/><wire x1="-2.032" y1="0" x2="-7.62" y2="0" width="0.1524" layer="94"/><wire x1="-1.778" y1="-3.048" x2="-1.778" y2="3.048" width="0.1524" layer="94"/><wire x1="1.016" y1="-3.048" x2="1.016" y2="3.048" width="0.1524" layer="94"/><wire x1="7.62" y1="0" x2="2.794" y2="0" width="0.1524" layer="94"/><wire x1="-0.508" y1="-1.27" x2="-0.508" y2="1.27" width="0.1524" layer="94"/><wire x1="-0.254" y1="-1.27" x2="-0.254" y2="1.27" width="0.1524" layer="94"/><wire x1="-3.556" y1="2.286" x2="-3.556" y2="3.81" width="0.1524" layer="94"/><wire x1="-2.794" y1="3.048" x2="-4.318" y2="3.048" width="0.1524" layer="94"/><wire x1="3.302" y1="2.54" x2="3.302" y2="3.81" width="0.1524" layer="94"/><wire x1="2.54" y1="-1.27" x2="2.54" y2="1.27" width="0.1524" layer="94"/><wire x1="2.286" y1="-1.27" x2="2.286" y2="1.27" width="0.1524" layer="94"/><text size="2" x="0" y="5.08" layer="95" align="center">&gt;NAME</text></symbol><symbol name="WB_CURRENT_LOAD@1"><pin name="+@1" x="-7.62" y="0" rot="MR180" direction="pas" length="short" visible="off" swaplevel="0"/><pin name="-@2" x="7.62" y="0" rot="MR0" direction="pas" length="short" visible="off" swaplevel="0"/><wire cap="round" x1="-3.80144541893069" y1="6.11111003035249E-05" x2="-2.68631595182662" y2="-2.68638598005626" layer="94" curve="44.25835" width="0.1524"/><wire cap="round" x1="-2.7008340002096" y1="-2.70084492188432" x2="-3.01024553176602E-05" y2="-3.82193519093877" layer="94" curve="44.8182" width="0.1524"/><wire cap="round" x1="-1.47901228405677E-05" y1="-3.81607473385618" x2="2.69671339012067" y2="-2.69667753776659" layer="94" curve="45.38076" width="0.1524"/><wire cap="round" x1="2.69020543466835" y1="-2.69018253944063" x2="3.80688023502889" y2="-1.58895406142952E-05" layer="94" curve="45.58721" width="0.1524"/><wire cap="round" x1="3.80144542387741" y1="-6.17958751984628E-05" x2="2.68631643327033" y2="2.68638549307261" layer="94" curve="44.25835" width="0.1524"/><wire cap="round" x1="2.70083237377049" y1="2.70084654561062" x2="2.78042467919219E-05" y2="3.82193519631281" layer="94" curve="44.8182" width="0.1524"/><wire cap="round" x1="1.57980194586999E-05" y1="3.81607473126472" x2="-2.69671268033746" y2="2.69667825335733" layer="94" curve="45.38076" width="0.1524"/><wire cap="round" x1="-2.69020543466835" y1="2.69018253944063" x2="-3.80688023502889" y2="1.58895406171744E-05" layer="94" curve="45.58721" width="0.1524"/><wire x1="7.62" y1="0" x2="3.81" y2="0" width="0.1524" layer="94"/><wire x1="-3.81" y1="0" x2="-7.62" y2="0" width="0.1524" layer="94"/><wire x1="0.762" y1="-1.778" x2="3.048" y2="0" width="0.1524" layer="94"/><wire x1="0.762" y1="1.778" x2="3.048" y2="0" width="0.1524" layer="94"/><wire x1="3.048" y1="0" x2="-3.048" y2="0" width="0.1524" layer="94"/></symbol></symbols><devicesets><deviceset name="CL21C182JBF1PNE" prefix=""><gates><gate name="1" addlevel="always" y="0" x="0" symbol="CL21C182JBF1PNE@1"/></gates><devices><device name="CL21C182JBF1PNE" package="0805"><connects><connect pad="1" pin="1@1" gate="1"/><connect pad="2" pin="2@2" gate="1"/></connects><technologies><technology name=""><attribute name="Vendor" value="Samsung Electro-Mechanics" constant="no"/><attribute name="Manufacturer_Part_Number" value="CL21C182JBF1PNE" constant="no"/></technology></technologies></device></devices></deviceset><deviceset name="GRM21BD70J226ME44L" prefix=""><gates><gate name="1" addlevel="always" y="0" x="0" symbol="GRM21BD70J226ME44L@1"/></gates><devices><device name="GRM21BD70J226ME44L" package="0805"><connects><connect pad="1" pin="1@1" gate="1"/><connect pad="2" pin="2@2" gate="1"/></connects><technologies><technology name=""><attribute name="Vendor" value="MuRata" constant="no"/><attribute name="Manufacturer_Part_Number" value="GRM21BD70J226ME44L" constant="no"/></technology></technologies></device></devices></deviceset><deviceset name="WB_GND" prefix=""><gates><gate name="1" addlevel="always" y="0" x="0" symbol="WB_GND@1"/></gates><devices><device name="WB_GND" package="WB_GND"><connects><connect pad="1" pin="1@1" gate="1"/></connects><technologies><technology name=""><attribute name="Manufacturer_Part_Number" value="WB_GND" constant="no"/></technology></technologies></device></devices></deviceset><deviceset name="SLF7045T-3R3M2R5-PF" prefix=""><gates><gate name="1" addlevel="always" y="0" x="0" symbol="SLF7045T-3R3M2R5-PF@1"/></gates><devices><device name="SLF7045T-3R3M2R5-PF" package="SLF7045"><connects><connect pad="1" pin="1@1" gate="1"/><connect pad="2" pin="2@2" gate="1"/></connects><technologies><technology name=""><attribute name="Vendor" value="TDK" constant="no"/><attribute name="Manufacturer_Part_Number" value="SLF7045T-3R3M2R5-PF" constant="no"/></technology></technologies></device></devices></deviceset><deviceset name="LM2735XMF/NOPB" prefix=""><gates><gate name="1" addlevel="always" y="0" x="0" symbol="LM2735XMF/NOPB@1"/></gates><devices><device name="LM2735XMF/NOPB" package="MF05A"><connects><connect pad="5" pin="VIN@1" gate="1"/><connect pad="4" pin="EN@2" gate="1"/><connect pad="1" pin="SW@3" gate="1"/><connect pad="3" pin="FB@4" gate="1"/><connect pad="2" pin="GND@5" gate="1"/></connects><technologies><technology name=""><attribute name="Vendor" value="Texas Instruments" constant="no"/><attribute name="Manufacturer_Part_Number" value="LM2735XMF/NOPB" constant="no"/></technology></technologies></device></devices></deviceset><deviceset name="C0805C106K8PACTU" prefix=""><gates><gate name="1" addlevel="always" y="0" x="0" symbol="C0805C106K8PACTU@1"/></gates><devices><device name="C0805C106K8PACTU" package="0805"><connects><connect pad="1" pin="1@1" gate="1"/><connect pad="2" pin="2@2" gate="1"/></connects><technologies><technology name=""><attribute name="Vendor" value="Kemet" constant="no"/><attribute name="Manufacturer_Part_Number" value="C0805C106K8PACTU" constant="no"/></technology></technologies></device></devices></deviceset><deviceset name="CMS06" prefix=""><gates><gate name="1" addlevel="always" y="0" x="0" symbol="CMS06@1"/></gates><devices><device name="CMS06" package="M-FLAT"><connects><connect pad="2" pin="A@1" gate="1"/><connect pad="1" pin="K@2" gate="1"/></connects><technologies><technology name=""><attribute name="Vendor" value="Toshiba" constant="no"/><attribute name="Manufacturer_Part_Number" value="CMS06" constant="no"/></technology></technologies></device></devices></deviceset><deviceset name="CRCW080510K0FKEA" prefix=""><gates><gate name="1" addlevel="always" y="0" x="0" symbol="CRCW080510K0FKEA@1"/></gates><devices><device name="CRCW080510K0FKEA" package="0805"><connects><connect pad="1" pin="1@1" gate="1"/><connect pad="2" pin="2@2" gate="1"/></connects><technologies><technology name=""><attribute name="Vendor" value="Vishay-Dale" constant="no"/><attribute name="Manufacturer_Part_Number" value="CRCW080510K0FKEA" constant="no"/></technology></technologies></device></devices></deviceset><deviceset name="RR1220P-303-D" prefix=""><gates><gate name="1" addlevel="always" y="0" x="0" symbol="RR1220P-303-D@1"/></gates><devices><device name="RR1220P-303-D" package="0805"><connects><connect pad="1" pin="1@1" gate="1"/><connect pad="2" pin="2@2" gate="1"/></connects><technologies><technology name=""><attribute name="Vendor" value="Susumu Co Ltd" constant="no"/><attribute name="Manufacturer_Part_Number" value="RR1220P-303-D" constant="no"/></technology></technologies></device></devices></deviceset><deviceset name="WB_BATTERY" prefix=""><gates><gate name="1" addlevel="always" y="0" x="0" symbol="WB_BATTERY@1"/></gates><devices><device name="WB_BATTERY" package="WB_BATTERY"><connects><connect pad="1" pin="+@1" gate="1"/><connect pad="2" pin="-@2" gate="1"/></connects><technologies><technology name=""><attribute name="Manufacturer_Part_Number" value="WB_BATTERY" constant="no"/></technology></technologies></device></devices></deviceset><deviceset name="WB_CURRENT_LOAD" prefix=""><gates><gate name="1" addlevel="always" y="0" x="0" symbol="WB_CURRENT_LOAD@1"/></gates><devices><device name="WB_CURRENT_LOAD" package="WB_CURRENT_LOAD"><connects><connect pad="1" pin="+@1" gate="1"/><connect pad="2" pin="-@2" gate="1"/></connects><technologies><technology name=""><attribute name="Manufacturer_Part_Number" value="WB_CURRENT_LOAD" constant="no"/></technology></technologies></device></devices></deviceset></devicesets></library></libraries><attributes/><variantdefs/><classes><class number="0" name="default" width="0" drill="0"/></classes><parts><part name="CF" library="AcceleratedDesigns_Lib" device="CL21C182JBF1PNE" deviceset="CL21C182JBF1PNE" value="1.8nF"/><part name="COUT" library="AcceleratedDesigns_Lib" device="GRM21BD70J226ME44L" deviceset="GRM21BD70J226ME44L" value="22uF"/><part name="GND" library="AcceleratedDesigns_Lib" device="WB_GND" deviceset="WB_GND" value="WB_GND"/><part name="RFBB" library="AcceleratedDesigns_Lib" device="CRCW080510K0FKEA" deviceset="CRCW080510K0FKEA" value="10k"/><part name="U1" library="AcceleratedDesigns_Lib" device="LM2735XMF/NOPB" deviceset="LM2735XMF/NOPB" value="LM2735XMF/NOPB"/><part name="CIN" library="AcceleratedDesigns_Lib" device="C0805C106K8PACTU" deviceset="C0805C106K8PACTU" value="10uF"/><part name="D1" library="AcceleratedDesigns_Lib" device="CMS06" deviceset="CMS06" value="320mV"/><part name="L1" library="AcceleratedDesigns_Lib" device="SLF7045T-3R3M2R5-PF" deviceset="SLF7045T-3R3M2R5-PF" value="3.3uH"/><part name="RENABLE" library="AcceleratedDesigns_Lib" device="CRCW080510K0FKEA" deviceset="CRCW080510K0FKEA" value="10k"/><part name="RFBT" library="AcceleratedDesigns_Lib" device="RR1220P-303-D" deviceset="RR1220P-303-D" value="30k"/><part name="VIN" library="AcceleratedDesigns_Lib" device="WB_BATTERY" deviceset="WB_BATTERY" value="WB_BATTERY"/><part name="IOUT" library="AcceleratedDesigns_Lib" device="WB_CURRENT_LOAD" deviceset="WB_CURRENT_LOAD" value="WB_CURRENT_LOAD"/></parts><sheets><sheet><plain/><instances><instance part="Cf" gate="1" x="133.35" y="60.96" rot="R0" smashed="yes"><attribute name="NAME" x="133.35" y="67.056" size="2" layer="95" rot="R0" align="bottom-center"/><attribute name="VALUE" x="133.35" y="54.102" size="2" layer="96" rot="R0" align="bottom-center"/></instance><instance part="Cout" gate="1" x="146.05" y="43.18" rot="R90" smashed="yes"><attribute name="NAME" x="149.098" y="47.498" size="2" layer="95" rot="R0" align="bottom-left"/><attribute name="VALUE" x="149.098" y="42.926" size="2" layer="96" rot="R0" align="bottom-left"/></instance><instance part="GND" gate="1" x="82.55" y="27.94" rot="R0" smashed="yes"><attribute name="NAME" x="82.55" y="33.528" size="2" layer="95" display="off" rot="R0" align="bottom-center"/></instance><instance part="Rfbb" gate="1" x="120.65" y="43.18" rot="R90" smashed="yes"><attribute name="NAME" x="122.174" y="45.974" size="2" layer="95" rot="R0" align="bottom-left"/><attribute name="VALUE" x="122.174" y="41.402" size="2" layer="96" rot="R0" align="bottom-left"/></instance><instance part="U1" gate="1" x="87.63" y="60.96" rot="R0" smashed="yes"><attribute name="NAME" x="87.63" y="60.96" size="2" layer="95" rot="R0" align="bottom-center"/><attribute name="VALUE" x="87.63" y="57.15" size="2" layer="96" rot="R0" align="bottom-center"/></instance><instance part="Cin" gate="1" x="44.45" y="43.18" rot="R90" smashed="yes"><attribute name="NAME" x="47.498" y="47.498" size="2" layer="95" rot="R0" align="bottom-left"/><attribute name="VALUE" x="47.498" y="42.926" size="2" layer="96" rot="R0" align="bottom-left"/></instance><instance part="D1" gate="1" x="130.81" y="86.36" rot="R180" smashed="yes"><attribute name="NAME" x="130.81" y="91.948" size="2" layer="95" rot="R0" align="bottom-center"/><attribute name="VALUE" x="130.81" y="80.01" size="2" layer="96" rot="R0" align="bottom-center"/></instance><instance part="L1" gate="1" x="90.17" y="86.36" rot="R0" smashed="yes"><attribute name="NAME" x="90.17" y="90.678" size="2" layer="95" rot="R0" align="bottom-center"/><attribute name="VALUE" x="90.17" y="81.28" size="2" layer="96" rot="R0" align="bottom-center"/></instance><instance part="Renable" gate="1" x="54.61" y="73.66" rot="R90" smashed="yes"><attribute name="NAME" x="56.134" y="76.454" size="2" layer="95" rot="R0" align="bottom-left"/><attribute name="VALUE" x="56.134" y="71.882" size="2" layer="96" rot="R0" align="bottom-left"/></instance><instance part="Rfbt" gate="1" x="133.35" y="73.66" rot="R0" smashed="yes"><attribute name="NAME" x="133.35" y="78.232" size="2" layer="95" rot="R0" align="bottom-center"/><attribute name="VALUE" x="133.35" y="68.326" size="2" layer="96" rot="R0" align="bottom-center"/></instance><instance part="Vin" gate="1" x="29.21" y="66.04" rot="R270" smashed="yes"><attribute name="NAME" x="33.02" y="71.12" size="2" layer="95" rot="R0" align="bottom-left"/></instance><instance part="Iout" gate="1" x="161.29" y="50.8" rot="R270" smashed="yes"><attribute name="NAME" x="165.354" y="56.134" size="2" layer="95" rot="R0" align="bottom-left"/></instance></instances><busses/><nets><net name="3" class="0"><segment><wire x1="146.05" y1="60.96" x2="140.97" y2="60.96" width="0" layer="91"/><wire x1="146.05" y1="73.66" x2="140.97" y2="73.66" width="0" layer="91"/><wire x1="146.05" y1="50.8" x2="146.05" y2="86.36" width="0" layer="91"/><wire x1="138.43" y1="86.36" x2="161.29" y2="86.36" width="0" layer="91"/><wire x1="161.29" y1="58.42" x2="161.29" y2="86.36" width="0" layer="91"/><wire x1="161.29" y1="83.82" x2="161.29" y2="86.36" width="0" layer="91"/><wire x1="161.29" y1="83.82" x2="161.29" y2="86.36" width="0" layer="91"/><wire x1="161.29" y1="83.82" x2="161.29" y2="86.36" width="0" layer="91"/><wire x1="161.29" y1="83.82" x2="161.29" y2="86.36" width="0" layer="91"/></segment></net><net name="2" class="0"><segment><wire x1="125.73" y1="60.96" x2="120.65" y2="60.96" width="0" layer="91"/><wire x1="113.03" y1="55.88" x2="113.03" y2="60.96" width="0" layer="91"/><wire x1="120.65" y1="55.88" x2="113.03" y2="55.88" width="0" layer="91"/><wire x1="120.65" y1="73.66" x2="120.65" y2="50.8" width="0" layer="91"/><wire x1="125.73" y1="73.66" x2="120.65" y2="73.66" width="0" layer="91"/></segment></net><net name="0" class="0"><segment><wire x1="87.63" y1="45.72" x2="87.63" y2="30.48" width="0" layer="91"/><wire x1="120.65" y1="35.56" x2="120.65" y2="30.48" width="0" layer="91"/><wire x1="44.45" y1="30.48" x2="44.45" y2="35.56" width="0" layer="91"/><wire x1="146.05" y1="30.48" x2="146.05" y2="35.56" width="0" layer="91"/><wire x1="29.21" y1="30.48" x2="161.29" y2="30.48" width="0" layer="91"/><wire x1="29.21" y1="30.48" x2="29.21" y2="58.42" width="0" layer="91"/><wire x1="29.21" y1="30.48" x2="29.21" y2="33.02" width="0" layer="91"/><wire x1="29.21" y1="30.48" x2="29.21" y2="33.02" width="0" layer="91"/><wire x1="29.21" y1="30.48" x2="29.21" y2="33.02" width="0" layer="91"/><wire x1="29.21" y1="30.48" x2="29.21" y2="33.02" width="0" layer="91"/><wire x1="161.29" y1="30.48" x2="161.29" y2="43.18" width="0" layer="91"/><wire x1="161.29" y1="30.48" x2="161.29" y2="33.02" width="0" layer="91"/><wire x1="161.29" y1="30.48" x2="161.29" y2="33.02" width="0" layer="91"/><wire x1="161.29" y1="30.48" x2="161.29" y2="33.02" width="0" layer="91"/><wire x1="161.29" y1="30.48" x2="161.29" y2="33.02" width="0" layer="91"/></segment></net><net name="5" class="0"><segment><wire x1="54.61" y1="86.36" x2="54.61" y2="81.28" width="0" layer="91"/><wire x1="72.39" y1="76.2" x2="72.39" y2="86.36" width="0" layer="91"/><wire x1="44.45" y1="50.8" x2="44.45" y2="86.36" width="0" layer="91"/><wire x1="29.21" y1="86.36" x2="82.55" y2="86.36" width="0" layer="91"/><wire x1="29.21" y1="73.66" x2="29.21" y2="86.36" width="0" layer="91"/><wire x1="29.21" y1="83.82" x2="29.21" y2="86.36" width="0" layer="91"/><wire x1="29.21" y1="83.82" x2="29.21" y2="86.36" width="0" layer="91"/><wire x1="29.21" y1="83.82" x2="29.21" y2="86.36" width="0" layer="91"/><wire x1="29.21" y1="83.82" x2="29.21" y2="86.36" width="0" layer="91"/></segment></net><net name="1" class="0"><segment><wire x1="54.61" y1="66.04" x2="54.61" y2="60.96" width="0" layer="91"/><wire x1="54.61" y1="60.96" x2="62.23" y2="60.96" width="0" layer="91"/></segment></net><net name="4" class="0"><segment><wire x1="102.87" y1="76.2" x2="102.87" y2="86.36" width="0" layer="91"/><wire x1="97.79" y1="86.36" x2="123.19" y2="86.36" width="0" layer="91"/></segment></net></nets></sheet></sheets></schematic></drawing></eagle>
